OBJECT_TYPE,GRID,TAGS,TEXTURE_RECT,RCI,SOUND_TIMER,SOUND_DURATION,TEXTURE_PATH
1,-5/0/,1/,0/0/0/0/,0/0/0/0/,0,0,N
2,-5/1/,2/3/4/,100/0/50/150/,100/20/5/30000/,13.043669,13.041104,resource/tile/Buildings.png
1,-5/4/,1/,0/0/0/0/,0/0/0/0/,0,0,N
1,-5/-12/,1/,0/0/0/0/,0/0/0/0/,0,0,N
1,-5/-16/,1/,0/0/0/0/,0/0/0/0/,0,0,N
1,-5/-20/,1/,0/0/0/0/,0/0/0/0/,0,0,N
1,-5/-21/,1/,0/0/0/0/,0/0/0/0/,0,0,N
4,-5/5/,2/4/,50/150/50/150/,2/0/30/1000/,6.898587,6.888000,resource/tile/Buildings.png
4,-5/-1/,2/4/,50/150/50/150/,2/0/30/1000/,6.918504,6.888000,resource/tile/Buildings.png
3,-5/-17/,3/4/,50/300/50/150/,0/15/2/220/,65.474594,65.447998,resource/tile/Buildings.png
1,-5/15/,1/,0/0/0/0/,0/0/0/0/,0,0,N
1,-5/16/,1/,0/0/0/0/,0/0/0/0/,0,0,N
1,-5/17/,1/,0/0/0/0/,0/0/0/0/,0,0,N
1,-5/18/,1/,0/0/0/0/,0/0/0/0/,0,0,N
1,-5/19/,1/,0/0/0/0/,0/0/0/0/,0,0,N
1,-5/20/,1/,0/0/0/0/,0/0/0/0/,0,0,N
1,-5/28/,1/,0/0/0/0/,0/0/0/0/,0,0,N
1,-5/-22/,1/,0/0/0/0/,0/0/0/0/,0,0,N
4,-5/12/,2/3/4/,100/150/50/150/,1/1/50/10000/,6.898841,6.888000,resource/tile/Buildings.png
1,-45/2/,1/,0/0/0/0/,0/0/0/0/,0,0,N
2,-45/1/,2/,0/0/50/150/,1/0/0/30/,10.337123,13.041104,resource/tile/Buildings.png
2,-45/3/,2/,0/0/50/150/,1/0/0/30/,6.612464,13.041104,resource/tile/Buildings.png
1,0/0/,1/,0/0/0/0/,0/0/0/0/,0,0,N
4,0/-1/,2/3/4/,100/150/50/150/,1/1/50/10000/,6.894198,6.888000,resource/tile/Buildings.png
1,0/-12/,1/,0/0/0/0/,0/0/0/0/,0,0,N
1,0/6/,1/,0/0/0/0/,0/0/0/0/,0,0,N
1,0/7/,1/,0/0/0/0/,0/0/0/0/,0,0,N
1,0/-10/,1/,0/0/0/0/,0/0/0/0/,0,0,N
1,0/-16/,1/,0/0/0/0/,0/0/0/0/,0,0,N
1,0/11/,1/,0/0/0/0/,0/0/0/0/,0,0,N
1,0/-22/,1/,0/0/0/0/,0/0/0/0/,0,0,N
2,0/-14/,2/,50/0/50/150/,10/0/0/150/,13.062599,13.041104,resource/tile/Buildings.png
2,0/-8/,2/,50/0/50/150/,10/0/0/150/,13.073036,13.041104,resource/tile/Buildings.png
2,0/-13/,2/,50/0/50/150/,10/0/0/150/,13.056807,13.041104,resource/tile/Buildings.png
2,0/-3/,2/,50/0/50/150/,10/0/0/150/,13.073286,13.041104,resource/tile/Buildings.png
4,0/-7/,2/4/,50/150/50/150/,2/0/30/1000/,6.956745,6.888000,resource/tile/Buildings.png
4,0/-5/,2/4/,50/150/50/150/,2/0/30/1000/,6.889727,6.888000,resource/tile/Buildings.png
4,0/4/,2/4/,50/150/50/150/,2/0/30/1000/,6.898587,6.888000,resource/tile/Buildings.png
3,0/-11/,3/4/,50/300/50/150/,0/15/2/220/,65.489998,65.447998,resource/tile/Buildings.png
3,0/2/,3/4/,50/300/50/150/,0/15/2/220/,65.449615,65.447998,resource/tile/Buildings.png
3,0/-17/,3/4/,50/300/50/150/,0/15/2/220/,65.479866,65.447998,resource/tile/Buildings.png
1,0/-21/,1/,0/0/0/0/,0/0/0/0/,0,0,N
1,0/-24/,1/,0/0/0/0/,0/0/0/0/,0,0,N
2,0/5/,2/3/4/,100/0/50/150/,100/20/5/30000/,13.048541,13.041104,resource/tile/Buildings.png
1,-1/0/,1/,0/0/0/0/,0/0/0/0/,0,0,N
1,-1/-1/,1/,0/0/0/0/,0/0/0/0/,0,0,N
1,-1/-2/,1/,0/0/0/0/,0/0/0/0/,0,0,N
1,-1/-3/,1/,0/0/0/0/,0/0/0/0/,0,0,N
1,-1/-4/,1/,0/0/0/0/,0/0/0/0/,0,0,N
1,-1/-5/,1/,0/0/0/0/,0/0/0/0/,0,0,N
1,-1/-6/,1/,0/0/0/0/,0/0/0/0/,0,0,N
1,-1/-7/,1/,0/0/0/0/,0/0/0/0/,0,0,N
1,-1/-8/,1/,0/0/0/0/,0/0/0/0/,0,0,N
1,-1/-9/,1/,0/0/0/0/,0/0/0/0/,0,0,N
1,-1/-10/,1/,0/0/0/0/,0/0/0/0/,0,0,N
1,-1/-11/,1/,0/0/0/0/,0/0/0/0/,0,0,N
1,-1/-12/,1/,0/0/0/0/,0/0/0/0/,0,0,N
1,-1/-13/,1/,0/0/0/0/,0/0/0/0/,0,0,N
1,-1/-14/,1/,0/0/0/0/,0/0/0/0/,0,0,N
1,-1/-15/,1/,0/0/0/0/,0/0/0/0/,0,0,N
1,-1/-16/,1/,0/0/0/0/,0/0/0/0/,0,0,N
1,-1/1/,1/,0/0/0/0/,0/0/0/0/,0,0,N
1,-1/2/,1/,0/0/0/0/,0/0/0/0/,0,0,N
1,-1/3/,1/,0/0/0/0/,0/0/0/0/,0,0,N
1,-1/4/,1/,0/0/0/0/,0/0/0/0/,0,0,N
1,-1/5/,1/,0/0/0/0/,0/0/0/0/,0,0,N
1,-1/6/,1/,0/0/0/0/,0/0/0/0/,0,0,N
1,-1/7/,1/,0/0/0/0/,0/0/0/0/,0,0,N
1,-1/8/,1/,0/0/0/0/,0/0/0/0/,0,0,N
1,-1/9/,1/,0/0/0/0/,0/0/0/0/,0,0,N
1,-1/10/,1/,0/0/0/0/,0/0/0/0/,0,0,N
1,-1/11/,1/,0/0/0/0/,0/0/0/0/,0,0,N
1,-1/12/,1/,0/0/0/0/,0/0/0/0/,0,0,N
1,-1/13/,1/,0/0/0/0/,0/0/0/0/,0,0,N
1,-1/-22/,1/,0/0/0/0/,0/0/0/0/,0,0,N
3,-1/-17/,3/4/,50/300/50/150/,0/15/2/220/,65.479828,65.447998,resource/tile/Buildings.png
1,-1/-21/,1/,0/0/0/0/,0/0/0/0/,0,0,N
1,-1/-23/,1/,0/0/0/0/,0/0/0/0/,0,0,N
1,-1/-24/,1/,0/0/0/0/,0/0/0/0/,0,0,N
1,-2/0/,1/,0/0/0/0/,0/0/0/0/,0,0,N
2,-2/1/,2/3/4/,100/0/50/150/,100/20/5/30000/,13.043451,13.041104,resource/tile/Buildings.png
1,-2/3/,1/,0/0/0/0/,0/0/0/0/,0,0,N
1,-2/-13/,1/,0/0/0/0/,0/0/0/0/,0,0,N
1,-2/-12/,1/,0/0/0/0/,0/0/0/0/,0,0,N
1,-2/-16/,1/,0/0/0/0/,0/0/0/0/,0,0,N
1,-2/10/,1/,0/0/0/0/,0/0/0/0/,0,0,N
1,-2/-22/,1/,0/0/0/0/,0/0/0/0/,0,0,N
2,-2/-14/,2/,50/0/50/150/,10/0/0/150/,13.070378,13.041104,resource/tile/Buildings.png
2,-2/-10/,2/,50/0/50/150/,10/0/0/150/,13.065894,13.041104,resource/tile/Buildings.png
2,-2/-11/,2/,50/0/50/150/,10/0/0/150/,13.067843,13.041104,resource/tile/Buildings.png
2,-2/-8/,2/,50/0/50/150/,10/0/0/150/,13.065894,13.041104,resource/tile/Buildings.png
2,-2/-3/,2/,50/0/50/150/,10/0/0/150/,13.079451,13.041104,resource/tile/Buildings.png
4,-2/5/,2/4/,50/150/50/150/,2/0/30/1000/,6.895944,6.888000,resource/tile/Buildings.png
4,-2/-7/,2/4/,50/150/50/150/,2/0/30/1000/,6.895175,6.888000,resource/tile/Buildings.png
4,-2/9/,2/4/,50/150/50/150/,2/0/30/1000/,6.895944,6.888000,resource/tile/Buildings.png
4,-2/-4/,2/4/,50/150/50/150/,2/0/30/1000/,6.913568,6.888000,resource/tile/Buildings.png
3,-2/-15/,3/4/,50/300/50/150/,0/15/2/220/,65.476318,65.447998,resource/tile/Buildings.png
3,-2/7/,3/4/,50/300/50/150/,0/15/2/220/,65.454079,65.447998,resource/tile/Buildings.png
3,-2/-9/,3/4/,50/300/50/150/,0/15/2/220/,65.452049,65.447998,resource/tile/Buildings.png
3,-2/2/,3/4/,50/300/50/150/,0/15/2/220/,65.463875,65.447998,resource/tile/Buildings.png
1,-2/-5/,1/,0/0/0/0/,0/0/0/0/,0,0,N
1,-2/-23/,1/,0/0/0/0/,0/0/0/0/,0,0,N
1,-2/-24/,1/,0/0/0/0/,0/0/0/0/,0,0,N
1,-3/0/,1/,0/0/0/0/,0/0/0/0/,0,0,N
2,-3/1/,2/3/4/,100/0/50/150/,100/20/5/30000/,13.048435,13.041104,resource/tile/Buildings.png
1,-3/3/,1/,0/0/0/0/,0/0/0/0/,0,0,N
1,-3/-12/,1/,0/0/0/0/,0/0/0/0/,0,0,N
1,-3/-16/,1/,0/0/0/0/,0/0/0/0/,0,0,N
1,-3/-22/,1/,0/0/0/0/,0/0/0/0/,0,0,N
2,-3/-13/,2/,50/0/50/150/,10/0/0/150/,13.047345,13.041104,resource/tile/Buildings.png
3,-3/-17/,3/4/,50/300/50/150/,0/15/2/220/,65.464653,65.447998,resource/tile/Buildings.png
3,-3/-1/,3/4/,50/300/50/150/,0/15/2/220/,65.463448,65.447998,resource/tile/Buildings.png
1,-3/28/,1/,0/0/0/0/,0/0/0/0/,0,0,N
1,-3/-23/,1/,0/0/0/0/,0/0/0/0/,0,0,N
1,-3/-24/,1/,0/0/0/0/,0/0/0/0/,0,0,N
1,-4/0/,1/,0/0/0/0/,0/0/0/0/,0,0,N
2,-4/1/,2/3/4/,100/0/50/150/,100/20/5/30000/,13.043675,13.041104,resource/tile/Buildings.png
1,-4/3/,1/,0/0/0/0/,0/0/0/0/,0,0,N
1,-4/4/,1/,0/0/0/0/,0/0/0/0/,0,0,N
1,-4/-12/,1/,0/0/0/0/,0/0/0/0/,0,0,N
1,-4/35/,1/,0/0/0/0/,0/0/0/0/,0,0,N
1,-4/-16/,1/,0/0/0/0/,0/0/0/0/,0,0,N
1,-4/-21/,1/,0/0/0/0/,0/0/0/0/,0,0,N
1,-4/-22/,1/,0/0/0/0/,0/0/0/0/,0,0,N
1,-4/32/,1/,0/0/0/0/,0/0/0/0/,0,0,N
2,-4/-13/,2/,50/0/50/150/,10/0/0/150/,13.070378,13.041104,resource/tile/Buildings.png
2,-4/-11/,2/,50/0/50/150/,10/0/0/150/,13.047694,13.041104,resource/tile/Buildings.png
3,-4/5/,3/4/,50/300/50/150/,0/15/2/220/,65.460960,65.447998,resource/tile/Buildings.png
3,-4/-1/,3/4/,50/300/50/150/,0/15/2/220/,65.452690,65.447998,resource/tile/Buildings.png
1,-4/34/,1/,0/0/0/0/,0/0/0/0/,0,0,N
3,-4/-15/,3/4/,50/300/50/150/,0/15/2/220/,65.474594,65.447998,resource/tile/Buildings.png
3,-4/2/,3/4/,50/300/50/150/,0/15/2/220/,65.454567,65.447998,resource/tile/Buildings.png
3,-4/-17/,3/4/,50/300/50/150/,0/15/2/220/,65.453812,65.447998,resource/tile/Buildings.png
1,-4/20/,1/,0/0/0/0/,0/0/0/0/,0,0,N
1,-4/21/,1/,0/0/0/0/,0/0/0/0/,0,0,N
1,-4/22/,1/,0/0/0/0/,0/0/0/0/,0,0,N
1,-4/23/,1/,0/0/0/0/,0/0/0/0/,0,0,N
1,-4/24/,1/,0/0/0/0/,0/0/0/0/,0,0,N
1,-4/25/,1/,0/0/0/0/,0/0/0/0/,0,0,N
1,-4/26/,1/,0/0/0/0/,0/0/0/0/,0,0,N
1,-4/27/,1/,0/0/0/0/,0/0/0/0/,0,0,N
1,-4/28/,1/,0/0/0/0/,0/0/0/0/,0,0,N
1,-4/29/,1/,0/0/0/0/,0/0/0/0/,0,0,N
1,-4/30/,1/,0/0/0/0/,0/0/0/0/,0,0,N
1,-4/31/,1/,0/0/0/0/,0/0/0/0/,0,0,N
1,-4/33/,1/,0/0/0/0/,0/0/0/0/,0,0,N
1,-4/-23/,1/,0/0/0/0/,0/0/0/0/,0,0,N
1,-6/0/,1/,0/0/0/0/,0/0/0/0/,0,0,N
2,-6/1/,2/3/4/,100/0/50/150/,100/20/5/30000/,13.043555,13.041104,resource/tile/Buildings.png
1,-6/4/,1/,0/0/0/0/,0/0/0/0/,0,0,N
1,-6/3/,1/,0/0/0/0/,0/0/0/0/,0,0,N
1,-6/-12/,1/,0/0/0/0/,0/0/0/0/,0,0,N
1,-6/-11/,1/,0/0/0/0/,0/0/0/0/,0,0,N
1,-6/-16/,1/,0/0/0/0/,0/0/0/0/,0,0,N
1,-6/-19/,1/,0/0/0/0/,0/0/0/0/,0,0,N
1,-6/-20/,1/,0/0/0/0/,0/0/0/0/,0,0,N
2,-6/-13/,2/,50/0/50/150/,10/0/0/150/,13.044841,13.041104,resource/tile/Buildings.png
2,-6/-10/,2/,50/0/50/150/,10/0/0/150/,13.043116,13.041104,resource/tile/Buildings.png
4,-6/2/,2/4/,50/150/50/150/,2/0/30/1000/,6.895132,6.888000,resource/tile/Buildings.png
3,-6/-15/,3/4/,50/300/50/150/,0/15/2/220/,65.449463,65.447998,resource/tile/Buildings.png
3,-6/-18/,3/4/,50/300/50/150/,0/15/2/220/,65.457352,65.447998,resource/tile/Buildings.png
1,-6/10/,1/,0/0/0/0/,0/0/0/0/,0,0,N
1,-6/11/,1/,0/0/0/0/,0/0/0/0/,0,0,N
1,-6/12/,1/,0/0/0/0/,0/0/0/0/,0,0,N
1,-6/13/,1/,0/0/0/0/,0/0/0/0/,0,0,N
1,-6/14/,1/,0/0/0/0/,0/0/0/0/,0,0,N
1,-6/15/,1/,0/0/0/0/,0/0/0/0/,0,0,N
1,-6/16/,1/,0/0/0/0/,0/0/0/0/,0,0,N
1,-6/-22/,1/,0/0/0/0/,0/0/0/0/,0,0,N
1,-6/-21/,1/,0/0/0/0/,0/0/0/0/,0,0,N
2,-6/-1/,2/3/4/,100/0/50/150/,100/20/5/30000/,13.050682,13.041104,resource/tile/Buildings.png
2,-6/7/,2/3/4/,100/0/50/150/,100/20/5/30000/,13.044922,13.041104,resource/tile/Buildings.png
1,-7/0/,1/,0/0/0/0/,0/0/0/0/,0,0,N
2,-7/1/,2/3/4/,100/0/50/150/,100/20/5/30000/,13.046687,13.041104,resource/tile/Buildings.png
1,-7/-16/,1/,0/0/0/0/,0/0/0/0/,0,0,N
1,-7/3/,1/,0/0/0/0/,0/0/0/0/,0,0,N
1,-7/-11/,1/,0/0/0/0/,0/0/0/0/,0,0,N
1,-7/-12/,1/,0/0/0/0/,0/0/0/0/,0,0,N
1,-7/-19/,1/,0/0/0/0/,0/0/0/0/,0,0,N
2,-7/-13/,2/,50/0/50/150/,10/0/0/150/,13.076792,13.041104,resource/tile/Buildings.png
3,-7/-17/,3/4/,50/300/50/150/,0/15/2/220/,65.486298,65.447998,resource/tile/Buildings.png
3,-7/-1/,3/4/,50/300/50/150/,0/15/2/220/,65.452675,65.447998,resource/tile/Buildings.png
3,-7/-15/,3/4/,50/300/50/150/,0/15/2/220/,65.462555,65.447998,resource/tile/Buildings.png
1,-7/4/,1/,0/0/0/0/,0/0/0/0/,0,0,N
1,-7/5/,1/,0/0/0/0/,0/0/0/0/,0,0,N
1,-7/6/,1/,0/0/0/0/,0/0/0/0/,0,0,N
1,-7/7/,1/,0/0/0/0/,0/0/0/0/,0,0,N
1,-7/8/,1/,0/0/0/0/,0/0/0/0/,0,0,N
1,-7/9/,1/,0/0/0/0/,0/0/0/0/,0,0,N
1,-7/10/,1/,0/0/0/0/,0/0/0/0/,0,0,N
1,-7/15/,1/,0/0/0/0/,0/0/0/0/,0,0,N
1,-7/-22/,1/,0/0/0/0/,0/0/0/0/,0,0,N
1,-7/-18/,1/,0/0/0/0/,0/0/0/0/,0,0,N
1,-7/-20/,1/,0/0/0/0/,0/0/0/0/,0,0,N
1,-8/0/,1/,0/0/0/0/,0/0/0/0/,0,0,N
2,-8/1/,2/3/4/,100/0/50/150/,100/20/5/30000/,13.046851,13.041104,resource/tile/Buildings.png
1,-8/-16/,1/,0/0/0/0/,0/0/0/0/,0,0,N
1,-8/3/,1/,0/0/0/0/,0/0/0/0/,0,0,N
1,-8/-11/,1/,0/0/0/0/,0/0/0/0/,0,0,N
1,-8/-12/,1/,0/0/0/0/,0/0/0/0/,0,0,N
1,-8/-15/,1/,0/0/0/0/,0/0/0/0/,0,0,N
1,-8/-18/,1/,0/0/0/0/,0/0/0/0/,0,0,N
1,-8/-19/,1/,0/0/0/0/,0/0/0/0/,0,0,N
4,-8/2/,2/4/,50/150/50/150/,2/0/30/1000/,6.894933,6.888000,resource/tile/Buildings.png
3,-8/-1/,3/4/,50/300/50/150/,0/15/2/220/,65.451782,65.447998,resource/tile/Buildings.png
3,-8/-17/,3/4/,50/300/50/150/,0/15/2/220/,65.474594,65.447998,resource/tile/Buildings.png
1,-8/-20/,1/,0/0/0/0/,0/0/0/0/,0,0,N
2,-8/-13/,2/3/4/,100/0/50/150/,100/20/5/30000/,13.043362,13.041104,resource/tile/Buildings.png
2,-8/5/,2/3/4/,100/0/50/150/,100/20/5/30000/,13.045036,13.041104,resource/tile/Buildings.png
1,-9/0/,1/,0/0/0/0/,0/0/0/0/,0,0,N
1,-9/3/,1/,0/0/0/0/,0/0/0/0/,0,0,N
1,-9/-12/,1/,0/0/0/0/,0/0/0/0/,0,0,N
1,-9/-15/,1/,0/0/0/0/,0/0/0/0/,0,0,N
1,-9/-17/,1/,0/0/0/0/,0/0/0/0/,0,0,N
1,-9/-18/,1/,0/0/0/0/,0/0/0/0/,0,0,N
4,-9/1/,2/4/,50/150/50/150/,2/0/30/1000/,6.897877,6.888000,resource/tile/Buildings.png
4,-9/-1/,2/4/,50/150/50/150/,2/0/30/1000/,6.914132,6.888000,resource/tile/Buildings.png
3,-9/-16/,3/4/,50/300/50/150/,0/15/2/220/,65.450508,65.447998,resource/tile/Buildings.png
3,-9/-14/,3/4/,50/300/50/150/,0/15/2/220/,65.453812,65.447998,resource/tile/Buildings.png
3,-9/-13/,3/4/,50/300/50/150/,0/15/2/220/,65.463547,65.447998,resource/tile/Buildings.png
1,-9/-20/,1/,0/0/0/0/,0/0/0/0/,0,0,N
1,-10/0/,1/,0/0/0/0/,0/0/0/0/,0,0,N
1,-10/3/,1/,0/0/0/0/,0/0/0/0/,0,0,N
1,-10/-12/,1/,0/0/0/0/,0/0/0/0/,0,0,N
1,-10/-15/,1/,0/0/0/0/,0/0/0/0/,0,0,N
1,-10/4/,1/,0/0/0/0/,0/0/0/0/,0,0,N
1,-10/-16/,1/,0/0/0/0/,0/0/0/0/,0,0,N
1,-10/-17/,1/,0/0/0/0/,0/0/0/0/,0,0,N
2,-10/-5/,2/,50/0/50/150/,10/0/0/150/,13.054240,13.041104,resource/tile/Buildings.png
2,-10/1/,2/,50/0/50/150/,10/0/0/150/,0.006056,0.000000,resource/tile/Buildings.png
4,-10/-7/,2/4/,50/150/50/150/,2/0/30/1000/,6.916025,6.888000,resource/tile/Buildings.png
4,-10/-1/,2/4/,50/150/50/150/,2/0/30/1000/,6.910872,6.888000,resource/tile/Buildings.png
4,-10/-2/,2/4/,50/150/50/150/,2/0/30/1000/,6.916510,6.888000,resource/tile/Buildings.png
4,-10/-3/,2/4/,50/150/50/150/,2/0/30/1000/,6.891252,6.888000,resource/tile/Buildings.png
3,-10/-6/,3/4/,50/300/50/150/,0/15/2/220/,65.494408,65.447998,resource/tile/Buildings.png
3,-10/-8/,3/4/,50/300/50/150/,0/15/2/220/,65.473610,65.447998,resource/tile/Buildings.png
3,-10/-14/,3/4/,50/300/50/150/,0/15/2/220/,65.480034,65.447998,resource/tile/Buildings.png
1,-10/-20/,1/,0/0/0/0/,0/0/0/0/,0,0,N
2,-10/-11/,2/3/4/,100/0/50/150/,100/20/5/30000/,13.046776,13.041104,resource/tile/Buildings.png
1,-11/-5/,1/,0/0/0/0/,0/0/0/0/,0,0,N
1,-11/0/,1/,0/0/0/0/,0/0/0/0/,0,0,N
1,-11/3/,1/,0/0/0/0/,0/0/0/0/,0,0,N
1,-11/1/,1/,0/0/0/0/,0/0/0/0/,0,0,N
1,-11/-1/,1/,0/0/0/0/,0/0/0/0/,0,0,N
1,-11/-2/,1/,0/0/0/0/,0/0/0/0/,0,0,N
1,-11/-3/,1/,0/0/0/0/,0/0/0/0/,0,0,N
1,-11/-4/,1/,0/0/0/0/,0/0/0/0/,0,0,N
1,-11/-6/,1/,0/0/0/0/,0/0/0/0/,0,0,N
1,-11/-7/,1/,0/0/0/0/,0/0/0/0/,0,0,N
1,-11/-8/,1/,0/0/0/0/,0/0/0/0/,0,0,N
1,-11/-9/,1/,0/0/0/0/,0/0/0/0/,0,0,N
1,-11/-10/,1/,0/0/0/0/,0/0/0/0/,0,0,N
1,-11/-11/,1/,0/0/0/0/,0/0/0/0/,0,0,N
1,-11/-15/,1/,0/0/0/0/,0/0/0/0/,0,0,N
1,-11/-14/,1/,0/0/0/0/,0/0/0/0/,0,0,N
1,-11/2/,1/,0/0/0/0/,0/0/0/0/,0,0,N
1,-11/-16/,1/,0/0/0/0/,0/0/0/0/,0,0,N
3,-11/-13/,3/4/,50/300/50/150/,0/15/2/220/,65.478493,65.447998,resource/tile/Buildings.png
1,-11/-20/,1/,0/0/0/0/,0/0/0/0/,0,0,N
1,-12/-13/,1/,0/0/0/0/,0/0/0/0/,0,0,N
1,-12/0/,1/,0/0/0/0/,0/0/0/0/,0,0,N
1,-12/3/,1/,0/0/0/0/,0/0/0/0/,0,0,N
1,-12/2/,1/,0/0/0/0/,0/0/0/0/,0,0,N
1,-12/-14/,1/,0/0/0/0/,0/0/0/0/,0,0,N
1,-12/1/,1/,0/0/0/0/,0/0/0/0/,0,0,N
1,-12/-12/,1/,0/0/0/0/,0/0/0/0/,0,0,N
1,-12/-11/,1/,0/0/0/0/,0/0/0/0/,0,0,N
1,-12/-1/,1/,0/0/0/0/,0/0/0/0/,0,0,N
2,-12/-6/,2/,50/0/50/150/,10/0/0/150/,13.076792,13.041104,resource/tile/Buildings.png
2,-12/-10/,2/,50/0/50/150/,10/0/0/150/,13.054240,13.041104,resource/tile/Buildings.png
3,-12/-3/,3/4/,50/300/50/150/,0/15/2/220/,65.460205,65.447998,resource/tile/Buildings.png
3,-12/-16/,3/4/,50/300/50/150/,0/15/2/220/,65.473640,65.447998,resource/tile/Buildings.png
3,-12/-5/,3/4/,50/300/50/150/,0/15/2/220/,65.477600,65.447998,resource/tile/Buildings.png
3,-12/-15/,3/4/,50/300/50/150/,0/15/2/220/,65.462761,65.447998,resource/tile/Buildings.png
3,-12/-7/,3/4/,50/300/50/150/,0/15/2/220/,65.480034,65.447998,resource/tile/Buildings.png
3,-12/-8/,3/4/,50/300/50/150/,0/15/2/220/,65.454773,65.447998,resource/tile/Buildings.png
3,-12/-9/,3/4/,50/300/50/150/,0/15/2/220/,65.474861,65.447998,resource/tile/Buildings.png
1,-12/-20/,1/,0/0/0/0/,0/0/0/0/,0,0,N
4,-12/-4/,2/3/4/,100/150/50/150/,1/1/50/10000/,6.908594,6.888000,resource/tile/Buildings.png
1,1/0/,1/,0/0/0/0/,0/0/0/0/,0,0,N
4,1/-1/,2/3/4/,100/150/50/150/,1/1/50/10000/,6.899553,6.888000,resource/tile/Buildings.png
1,1/-12/,1/,0/0/0/0/,0/0/0/0/,0,0,N
1,1/7/,1/,0/0/0/0/,0/0/0/0/,0,0,N
1,1/-11/,1/,0/0/0/0/,0/0/0/0/,0,0,N
1,1/-10/,1/,0/0/0/0/,0/0/0/0/,0,0,N
1,1/11/,1/,0/0/0/0/,0/0/0/0/,0,0,N
1,1/-22/,1/,0/0/0/0/,0/0/0/0/,0,0,N
1,1/-21/,1/,0/0/0/0/,0/0/0/0/,0,0,N
2,1/-16/,2/,50/0/50/150/,10/0/0/150/,13.055157,13.041104,resource/tile/Buildings.png
4,1/10/,2/4/,50/150/50/150/,2/0/30/1000/,6.895190,6.888000,resource/tile/Buildings.png
3,1/1/,3/4/,50/300/50/150/,0/15/2/220/,65.460999,65.447998,resource/tile/Buildings.png
3,1/8/,3/4/,50/300/50/150/,0/15/2/220/,0.008958,0.000000,resource/tile/Buildings.png
3,1/-20/,3/4/,50/300/50/150/,0/15/2/220/,65.474976,65.447998,resource/tile/Buildings.png
1,1/-24/,1/,0/0/0/0/,0/0/0/0/,0,0,N
2,1/-9/,2/3/4/,100/0/50/150/,100/20/5/30000/,13.058763,13.041104,resource/tile/Buildings.png
1,2/0/,1/,0/0/0/0/,0/0/0/0/,0,0,N
4,2/-1/,2/3/4/,100/150/50/150/,1/1/50/10000/,6.893773,6.888000,resource/tile/Buildings.png
1,2/7/,1/,0/0/0/0/,0/0/0/0/,0,0,N
1,2/-10/,1/,0/0/0/0/,0/0/0/0/,0,0,N
1,2/-9/,1/,0/0/0/0/,0/0/0/0/,0,0,N
1,2/11/,1/,0/0/0/0/,0/0/0/0/,0,0,N
1,2/-21/,1/,0/0/0/0/,0/0/0/0/,0,0,N
1,2/-20/,1/,0/0/0/0/,0/0/0/0/,0,0,N
2,2/-12/,2/,50/0/50/150/,10/0/0/150/,13.079065,13.041104,resource/tile/Buildings.png
4,2/-8/,2/4/,50/150/50/150/,2/0/30/1000/,6.909215,6.888000,resource/tile/Buildings.png
3,2/-18/,3/4/,50/300/50/150/,0/15/2/220/,65.454300,65.447998,resource/tile/Buildings.png
3,2/1/,3/4/,50/300/50/150/,0/15/2/220/,65.454620,65.447998,resource/tile/Buildings.png
1,2/-24/,1/,0/0/0/0/,0/0/0/0/,0,0,N
4,2/10/,2/3/4/,100/150/50/150/,1/1/50/10000/,6.893659,6.888000,resource/tile/Buildings.png
2,2/8/,2/3/4/,100/0/50/150/,100/20/5/30000/,13.048932,13.041104,resource/tile/Buildings.png
1,3/0/,1/,0/0/0/0/,0/0/0/0/,0,0,N
4,3/-1/,2/3/4/,100/150/50/150/,1/1/50/10000/,6.892441,6.888000,resource/tile/Buildings.png
1,3/7/,1/,0/0/0/0/,0/0/0/0/,0,0,N
1,3/-9/,1/,0/0/0/0/,0/0/0/0/,0,0,N
1,3/11/,1/,0/0/0/0/,0/0/0/0/,0,0,N
1,3/-20/,1/,0/0/0/0/,0/0/0/0/,0,0,N
1,3/-19/,1/,0/0/0/0/,0/0/0/0/,0,0,N
1,3/-18/,1/,0/0/0/0/,0/0/0/0/,0,0,N
2,3/-10/,2/,50/0/50/150/,10/0/0/150/,13.103625,13.041104,resource/tile/Buildings.png
4,3/10/,2/4/,50/150/50/150/,2/0/30/1000/,6.890966,6.888000,resource/tile/Buildings.png
3,3/1/,3/4/,50/300/50/150/,0/15/2/220/,65.451523,65.447998,resource/tile/Buildings.png
3,3/8/,3/4/,50/300/50/150/,0/15/2/220/,0.009371,0.000000,resource/tile/Buildings.png
1,3/-24/,1/,0/0/0/0/,0/0/0/0/,0,0,N
1,3/-25/,1/,0/0/0/0/,0/0/0/0/,0,0,N
1,-33/3/,1/,0/0/0/0/,0/0/0/0/,0,0,N
1,4/0/,1/,0/0/0/0/,0/0/0/0/,0,0,N
1,4/-17/,1/,0/0/0/0/,0/0/0/0/,0,0,N
1,4/-9/,1/,0/0/0/0/,0/0/0/0/,0,0,N
4,4/-1/,2/3/4/,100/150/50/150/,1/1/50/10000/,6.893773,6.888000,resource/tile/Buildings.png
1,4/7/,1/,0/0/0/0/,0/0/0/0/,0,0,N
1,4/11/,1/,0/0/0/0/,0/0/0/0/,0,0,N
1,4/-18/,1/,0/0/0/0/,0/0/0/0/,0,0,N
2,4/-16/,2/,50/0/50/150/,10/0/0/150/,13.068354,13.041104,resource/tile/Buildings.png
2,4/-13/,2/,50/0/50/150/,10/0/0/150/,13.041176,13.041104,resource/tile/Buildings.png
2,4/-12/,2/,50/0/50/150/,10/0/0/150/,13.088705,13.041104,resource/tile/Buildings.png
4,4/10/,2/4/,50/150/50/150/,2/0/30/1000/,6.897932,6.888000,resource/tile/Buildings.png
3,4/-10/,3/4/,50/300/50/150/,0/15/2/220/,65.488098,65.447998,resource/tile/Buildings.png
3,4/1/,3/4/,50/300/50/150/,0/15/2/220/,65.448181,65.447998,resource/tile/Buildings.png
1,4/-20/,1/,0/0/0/0/,0/0/0/0/,0,0,N
1,4/-24/,1/,0/0/0/0/,0/0/0/0/,0,0,N
1,-34/3/,1/,0/0/0/0/,0/0/0/0/,0,0,N
1,5/-13/,1/,0/0/0/0/,0/0/0/0/,0,0,N
1,5/0/,1/,0/0/0/0/,0/0/0/0/,0,0,N
1,5/-9/,1/,0/0/0/0/,0/0/0/0/,0,0,N
4,5/-1/,2/3/4/,100/150/50/150/,1/1/50/10000/,6.893773,6.888000,resource/tile/Buildings.png
1,5/-12/,1/,0/0/0/0/,0/0/0/0/,0,0,N
1,5/7/,1/,0/0/0/0/,0/0/0/0/,0,0,N
1,5/11/,1/,0/0/0/0/,0/0/0/0/,0,0,N
1,5/-17/,1/,0/0/0/0/,0/0/0/0/,0,0,N
1,5/-16/,1/,0/0/0/0/,0/0/0/0/,0,0,N
2,5/-14/,2/,50/0/50/150/,10/0/0/150/,13.069407,13.041104,resource/tile/Buildings.png
2,5/-11/,2/,50/0/50/150/,10/0/0/150/,13.069407,13.041104,resource/tile/Buildings.png
2,5/-10/,2/,50/0/50/150/,10/0/0/150/,13.050855,13.041104,resource/tile/Buildings.png
4,5/-8/,2/4/,50/150/50/150/,2/0/30/1000/,6.888447,6.888000,resource/tile/Buildings.png
3,5/1/,3/4/,50/300/50/150/,0/15/2/220/,65.464790,65.447998,resource/tile/Buildings.png
3,5/8/,3/4/,50/300/50/150/,0/15/2/220/,65.459663,65.447998,resource/tile/Buildings.png
3,5/6/,3/4/,50/300/50/150/,0/15/2/220/,0.006058,0.000000,resource/tile/Buildings.png
3,5/-15/,3/4/,50/300/50/150/,0/15/2/220/,65.467941,65.447998,resource/tile/Buildings.png
1,5/-24/,1/,0/0/0/0/,0/0/0/0/,0,0,N
1,-35/3/,1/,0/0/0/0/,0/0/0/0/,0,0,N
4,-35/2/,4/,0/150/50/150/,0/0/1/300/,6.941622,6.888000,resource/tile/Buildings.png
1,6/0/,1/,0/0/0/0/,0/0/0/0/,0,0,N
1,6/-9/,1/,0/0/0/0/,0/0/0/0/,0,0,N
4,6/-1/,2/3/4/,100/150/50/150/,1/1/50/10000/,6.892441,6.888000,resource/tile/Buildings.png
1,6/7/,1/,0/0/0/0/,0/0/0/0/,0,0,N
1,6/-10/,1/,0/0/0/0/,0/0/0/0/,0,0,N
1,6/-11/,1/,0/0/0/0/,0/0/0/0/,0,0,N
1,6/-12/,1/,0/0/0/0/,0/0/0/0/,0,0,N
1,6/11/,1/,0/0/0/0/,0/0/0/0/,0,0,N
1,6/-16/,1/,0/0/0/0/,0/0/0/0/,0,0,N
1,6/-15/,1/,0/0/0/0/,0/0/0/0/,0,0,N
2,6/-17/,2/,50/0/50/150/,10/0/0/150/,13.046446,13.041104,resource/tile/Buildings.png
2,6/-14/,2/,50/0/50/150/,10/0/0/150/,13.059689,13.041104,resource/tile/Buildings.png
2,6/-13/,2/,50/0/50/150/,10/0/0/150/,13.106248,13.041104,resource/tile/Buildings.png
4,6/10/,2/4/,50/150/50/150/,2/0/30/1000/,6.892080,6.888000,resource/tile/Buildings.png
3,6/1/,3/4/,50/300/50/150/,0/15/2/220/,65.454620,65.447998,resource/tile/Buildings.png
1,6/-24/,1/,0/0/0/0/,0/0/0/0/,0,0,N
1,6/-25/,1/,0/0/0/0/,0/0/0/0/,0,0,N
1,6/-51/,1/,0/0/0/0/,0/0/0/0/,0,0,N
1,6/-50/,1/,0/0/0/0/,0/0/0/0/,0,0,N
2,6/6/,2/3/4/,100/0/50/150/,100/20/5/30000/,13.050077,13.041104,resource/tile/Buildings.png
1,-36/3/,1/,0/0/0/0/,0/0/0/0/,0,0,N
4,-36/2/,4/,0/150/50/150/,0/0/1/300/,6.920166,6.888000,resource/tile/Buildings.png
1,7/-45/,1/,0/0/0/0/,0/0/0/0/,0,0,N
1,7/0/,1/,0/0/0/0/,0/0/0/0/,0,0,N
1,7/-9/,1/,0/0/0/0/,0/0/0/0/,0,0,N
4,7/-1/,2/3/4/,100/150/50/150/,1/1/50/10000/,6.902889,6.888000,resource/tile/Buildings.png
1,7/-36/,1/,0/0/0/0/,0/0/0/0/,0,0,N
1,7/7/,1/,0/0/0/0/,0/0/0/0/,0,0,N
1,7/-35/,1/,0/0/0/0/,0/0/0/0/,0,0,N
1,7/6/,1/,0/0/0/0/,0/0/0/0/,0,0,N
1,7/-8/,1/,0/0/0/0/,0/0/0/0/,0,0,N
1,7/-10/,1/,0/0/0/0/,0/0/0/0/,0,0,N
1,7/11/,1/,0/0/0/0/,0/0/0/0/,0,0,N
1,7/-15/,1/,0/0/0/0/,0/0/0/0/,0,0,N
1,7/-14/,1/,0/0/0/0/,0/0/0/0/,0,0,N
1,7/-13/,1/,0/0/0/0/,0/0/0/0/,0,0,N
2,7/-12/,2/,50/0/50/150/,10/0/0/150/,13.072064,13.041104,resource/tile/Buildings.png
2,7/-11/,2/,50/0/50/150/,10/0/0/150/,13.075438,13.041104,resource/tile/Buildings.png
1,7/-33/,1/,0/0/0/0/,0/0/0/0/,0,0,N
4,7/4/,2/4/,50/150/50/150/,2/0/30/1000/,6.893795,6.888000,resource/tile/Buildings.png
3,7/-16/,3/4/,50/300/50/150/,0/15/2/220/,65.453293,65.447998,resource/tile/Buildings.png
1,7/-53/,1/,0/0/0/0/,0/0/0/0/,0,0,N
1,7/8/,1/,0/0/0/0/,0/0/0/0/,0,0,N
1,7/9/,1/,0/0/0/0/,0/0/0/0/,0,0,N
1,7/-24/,1/,0/0/0/0/,0/0/0/0/,0,0,N
1,7/-34/,1/,0/0/0/0/,0/0/0/0/,0,0,N
1,7/-37/,1/,0/0/0/0/,0/0/0/0/,0,0,N
1,7/-38/,1/,0/0/0/0/,0/0/0/0/,0,0,N
1,7/-39/,1/,0/0/0/0/,0/0/0/0/,0,0,N
1,7/-40/,1/,0/0/0/0/,0/0/0/0/,0,0,N
1,7/-41/,1/,0/0/0/0/,0/0/0/0/,0,0,N
1,7/-42/,1/,0/0/0/0/,0/0/0/0/,0,0,N
1,7/-43/,1/,0/0/0/0/,0/0/0/0/,0,0,N
1,7/-44/,1/,0/0/0/0/,0/0/0/0/,0,0,N
1,7/-46/,1/,0/0/0/0/,0/0/0/0/,0,0,N
1,7/-47/,1/,0/0/0/0/,0/0/0/0/,0,0,N
1,7/-48/,1/,0/0/0/0/,0/0/0/0/,0,0,N
1,7/-49/,1/,0/0/0/0/,0/0/0/0/,0,0,N
1,7/-50/,1/,0/0/0/0/,0/0/0/0/,0,0,N
1,7/-51/,1/,0/0/0/0/,0/0/0/0/,0,0,N
1,7/-52/,1/,0/0/0/0/,0/0/0/0/,0,0,N
1,8/0/,1/,0/0/0/0/,0/0/0/0/,0,0,N
1,8/-33/,1/,0/0/0/0/,0/0/0/0/,0,0,N
1,8/4/,1/,0/0/0/0/,0/0/0/0/,0,0,N
4,8/-1/,2/3/4/,100/150/50/150/,1/1/50/10000/,6.893010,6.888000,resource/tile/Buildings.png
1,8/6/,1/,0/0/0/0/,0/0/0/0/,0,0,N
1,8/5/,1/,0/0/0/0/,0/0/0/0/,0,0,N
1,8/-8/,1/,0/0/0/0/,0/0/0/0/,0,0,N
1,8/11/,1/,0/0/0/0/,0/0/0/0/,0,0,N
1,8/-13/,1/,0/0/0/0/,0/0/0/0/,0,0,N
1,8/-12/,1/,0/0/0/0/,0/0/0/0/,0,0,N
2,8/-14/,2/,50/0/50/150/,10/0/0/150/,13.080966,13.041104,resource/tile/Buildings.png
2,8/-11/,2/,50/0/50/150/,10/0/0/150/,13.076699,13.041104,resource/tile/Buildings.png
4,8/-7/,2/4/,50/150/50/150/,2/0/30/1000/,6.899060,6.888000,resource/tile/Buildings.png
3,8/2/,3/4/,50/300/50/150/,0/15/2/220/,0.006063,0.000000,resource/tile/Buildings.png
3,8/3/,3/4/,50/300/50/150/,0/15/2/220/,65.450974,65.447998,resource/tile/Buildings.png
1,8/9/,1/,0/0/0/0/,0/0/0/0/,0,0,N
1,8/10/,1/,0/0/0/0/,0/0/0/0/,0,0,N
1,8/-24/,1/,0/0/0/0/,0/0/0/0/,0,0,N
1,8/-25/,1/,0/0/0/0/,0/0/0/0/,0,0,N
1,8/-26/,1/,0/0/0/0/,0/0/0/0/,0,0,N
1,8/-27/,1/,0/0/0/0/,0/0/0/0/,0,0,N
1,8/-28/,1/,0/0/0/0/,0/0/0/0/,0,0,N
1,8/-29/,1/,0/0/0/0/,0/0/0/0/,0,0,N
1,8/-30/,1/,0/0/0/0/,0/0/0/0/,0,0,N
1,8/-31/,1/,0/0/0/0/,0/0/0/0/,0,0,N
1,8/-32/,1/,0/0/0/0/,0/0/0/0/,0,0,N
4,8/7/,4/,0/150/50/150/,0/0/1/300/,6.898694,6.888000,resource/tile/Buildings.png
4,8/8/,4/,0/150/50/150/,0/0/1/300/,6.905429,6.888000,resource/tile/Buildings.png
1,9/0/,1/,0/0/0/0/,0/0/0/0/,0,0,N
1,9/4/,1/,0/0/0/0/,0/0/0/0/,0,0,N
4,9/-1/,2/3/4/,100/150/50/150/,1/1/50/10000/,6.903759,6.888000,resource/tile/Buildings.png
1,9/3/,1/,0/0/0/0/,0/0/0/0/,0,0,N
1,9/2/,1/,0/0/0/0/,0/0/0/0/,0,0,N
1,9/1/,1/,0/0/0/0/,0/0/0/0/,0,0,N
1,9/-8/,1/,0/0/0/0/,0/0/0/0/,0,0,N
1,9/11/,1/,0/0/0/0/,0/0/0/0/,0,0,N
1,9/-12/,1/,0/0/0/0/,0/0/0/0/,0,0,N
1,9/-11/,1/,0/0/0/0/,0/0/0/0/,0,0,N
2,9/-10/,2/,50/0/50/150/,10/0/0/150/,13.065431,13.041104,resource/tile/Buildings.png
2,9/-7/,2/,50/0/50/150/,10/0/0/150/,13.049129,13.041104,resource/tile/Buildings.png
4,9/-6/,2/4/,50/150/50/150/,2/0/30/1000/,6.930489,6.888000,resource/tile/Buildings.png
3,9/5/,3/4/,50/300/50/150/,0/15/2/220/,0.006059,0.000000,resource/tile/Buildings.png
3,9/-13/,3/4/,50/300/50/150/,0/15/2/220/,65.468498,65.447998,resource/tile/Buildings.png
1,9/10/,1/,0/0/0/0/,0/0/0/0/,0,0,N
1,9/12/,1/,0/0/0/0/,0/0/0/0/,0,0,N
1,9/16/,1/,0/0/0/0/,0/0/0/0/,0,0,N
1,9/22/,1/,0/0/0/0/,0/0/0/0/,0,0,N
1,9/21/,1/,0/0/0/0/,0/0/0/0/,0,0,N
1,9/-24/,1/,0/0/0/0/,0/0/0/0/,0,0,N
4,9/9/,4/,0/150/50/150/,0/0/1/300/,6.910277,6.888000,resource/tile/Buildings.png
1,10/0/,1/,0/0/0/0/,0/0/0/0/,0,0,N
4,10/-1/,2/3/4/,100/150/50/150/,1/1/50/10000/,6.890996,6.888000,resource/tile/Buildings.png
1,10/25/,1/,0/0/0/0/,0/0/0/0/,0,0,N
1,10/-6/,1/,0/0/0/0/,0/0/0/0/,0,0,N
1,10/1/,1/,0/0/0/0/,0/0/0/0/,0,0,N
1,10/26/,1/,0/0/0/0/,0/0/0/0/,0,0,N
1,10/-7/,1/,0/0/0/0/,0/0/0/0/,0,0,N
1,10/27/,1/,0/0/0/0/,0/0/0/0/,0,0,N
1,10/-8/,1/,0/0/0/0/,0/0/0/0/,0,0,N
1,10/-11/,1/,0/0/0/0/,0/0/0/0/,0,0,N
1,10/-10/,1/,0/0/0/0/,0/0/0/0/,0,0,N
1,10/-9/,1/,0/0/0/0/,0/0/0/0/,0,0,N
2,10/-3/,2/,50/0/50/150/,10/0/0/150/,13.052984,13.041104,resource/tile/Buildings.png
1,10/24/,1/,0/0/0/0/,0/0/0/0/,0,0,N
4,10/-5/,2/4/,50/150/50/150/,2/0/30/1000/,6.906832,6.888000,resource/tile/Buildings.png
4,10/-4/,2/4/,50/150/50/150/,2/0/30/1000/,6.909519,6.888000,resource/tile/Buildings.png
4,10/-2/,2/4/,50/150/50/150/,2/0/30/1000/,6.901301,6.888000,resource/tile/Buildings.png
4,10/3/,2/4/,50/150/50/150/,2/0/30/1000/,6.895947,6.888000,resource/tile/Buildings.png
3,10/2/,3/4/,50/300/50/150/,0/15/2/220/,65.453514,65.447998,resource/tile/Buildings.png
3,10/4/,3/4/,50/300/50/150/,0/15/2/220/,0.006070,0.000000,resource/tile/Buildings.png
1,10/11/,1/,0/0/0/0/,0/0/0/0/,0,0,N
1,10/12/,1/,0/0/0/0/,0/0/0/0/,0,0,N
1,10/13/,1/,0/0/0/0/,0/0/0/0/,0,0,N
1,10/14/,1/,0/0/0/0/,0/0/0/0/,0,0,N
1,10/15/,1/,0/0/0/0/,0/0/0/0/,0,0,N
1,10/16/,1/,0/0/0/0/,0/0/0/0/,0,0,N
1,10/17/,1/,0/0/0/0/,0/0/0/0/,0,0,N
1,10/18/,1/,0/0/0/0/,0/0/0/0/,0,0,N
1,10/19/,1/,0/0/0/0/,0/0/0/0/,0,0,N
1,10/20/,1/,0/0/0/0/,0/0/0/0/,0,0,N
1,10/21/,1/,0/0/0/0/,0/0/0/0/,0,0,N
1,10/22/,1/,0/0/0/0/,0/0/0/0/,0,0,N
1,10/23/,1/,0/0/0/0/,0/0/0/0/,0,0,N
1,10/28/,1/,0/0/0/0/,0/0/0/0/,0,0,N
1,10/29/,1/,0/0/0/0/,0/0/0/0/,0,0,N
1,10/30/,1/,0/0/0/0/,0/0/0/0/,0,0,N
1,10/31/,1/,0/0/0/0/,0/0/0/0/,0,0,N
1,10/-24/,1/,0/0/0/0/,0/0/0/0/,0,0,N
4,10/-12/,2/3/4/,100/150/50/150/,1/1/50/10000/,6.888731,6.888000,resource/tile/Buildings.png
1,11/-5/,1/,0/0/0/0/,0/0/0/0/,0,0,N
1,11/0/,1/,0/0/0/0/,0/0/0/0/,0,0,N
1,11/36/,1/,0/0/0/0/,0/0/0/0/,0,0,N
1,11/-1/,1/,0/0/0/0/,0/0/0/0/,0,0,N
1,11/37/,1/,0/0/0/0/,0/0/0/0/,0,0,N
1,11/-2/,1/,0/0/0/0/,0/0/0/0/,0,0,N
1,11/38/,1/,0/0/0/0/,0/0/0/0/,0,0,N
1,11/-3/,1/,0/0/0/0/,0/0/0/0/,0,0,N
1,11/39/,1/,0/0/0/0/,0/0/0/0/,0,0,N
1,11/-4/,1/,0/0/0/0/,0/0/0/0/,0,0,N
1,11/-6/,1/,0/0/0/0/,0/0/0/0/,0,0,N
1,11/44/,1/,0/0/0/0/,0/0/0/0/,0,0,N
2,11/-9/,2/,50/0/50/150/,10/0/0/150/,13.050741,13.041104,resource/tile/Buildings.png
1,11/45/,1/,0/0/0/0/,0/0/0/0/,0,0,N
3,11/-10/,3/4/,50/300/50/150/,0/15/2/220/,65.455994,65.447998,resource/tile/Buildings.png
3,11/-8/,3/4/,50/300/50/150/,0/15/2/220/,65.479477,65.447998,resource/tile/Buildings.png
1,11/46/,1/,0/0/0/0/,0/0/0/0/,0,0,N
3,11/-11/,3/4/,50/300/50/150/,0/15/2/220/,65.449829,65.447998,resource/tile/Buildings.png
3,11/-7/,3/4/,50/300/50/150/,0/15/2/220/,65.475182,65.447998,resource/tile/Buildings.png
1,11/13/,1/,0/0/0/0/,0/0/0/0/,0,0,N
1,11/29/,1/,0/0/0/0/,0/0/0/0/,0,0,N
1,11/31/,1/,0/0/0/0/,0/0/0/0/,0,0,N
1,11/32/,1/,0/0/0/0/,0/0/0/0/,0,0,N
1,11/33/,1/,0/0/0/0/,0/0/0/0/,0,0,N
1,11/34/,1/,0/0/0/0/,0/0/0/0/,0,0,N
1,11/35/,1/,0/0/0/0/,0/0/0/0/,0,0,N
1,11/40/,1/,0/0/0/0/,0/0/0/0/,0,0,N
1,11/41/,1/,0/0/0/0/,0/0/0/0/,0,0,N
1,11/42/,1/,0/0/0/0/,0/0/0/0/,0,0,N
1,11/-24/,1/,0/0/0/0/,0/0/0/0/,0,0,N
1,11/43/,1/,0/0/0/0/,0/0/0/0/,0,0,N
1,11/47/,1/,0/0/0/0/,0/0/0/0/,0,0,N
1,11/48/,1/,0/0/0/0/,0/0/0/0/,0,0,N
1,11/49/,1/,0/0/0/0/,0/0/0/0/,0,0,N
1,11/50/,1/,0/0/0/0/,0/0/0/0/,0,0,N
1,11/51/,1/,0/0/0/0/,0/0/0/0/,0,0,N
1,11/52/,1/,0/0/0/0/,0/0/0/0/,0,0,N
1,11/53/,1/,0/0/0/0/,0/0/0/0/,0,0,N
1,11/54/,1/,0/0/0/0/,0/0/0/0/,0,0,N
1,11/55/,1/,0/0/0/0/,0/0/0/0/,0,0,N
1,11/56/,1/,0/0/0/0/,0/0/0/0/,0,0,N
1,11/20/,1/,0/0/0/0/,0/0/0/0/,0,0,N
1,11/19/,1/,0/0/0/0/,0/0/0/0/,0,0,N
4,11/1/,4/,0/150/50/150/,0/0/1/300/,6.888308,6.888000,resource/tile/Buildings.png
4,11/12/,4/,0/150/50/150/,0/0/1/300/,6.888089,6.888000,resource/tile/Buildings.png
4,11/16/,4/,0/150/50/150/,0/0/1/300/,1.936281,6.888000,resource/tile/Buildings.png
4,11/17/,4/,0/150/50/150/,0/0/1/300/,6.892951,6.888000,resource/tile/Buildings.png
4,11/18/,4/,0/150/50/150/,0/0/1/300/,6.894037,6.888000,resource/tile/Buildings.png
1,-41/2/,1/,0/0/0/0/,0/0/0/0/,0,0,N
2,-41/3/,2/,0/0/50/150/,1/0/0/30/,9.183305,13.041104,resource/tile/Buildings.png
2,-41/1/,2/,0/0/50/150/,1/0/0/30/,4.631382,13.041104,resource/tile/Buildings.png
2,12/-5/,2/,50/0/50/150/,10/0/0/150/,13.080931,13.041104,resource/tile/Buildings.png
1,12/0/,1/,0/0/0/0/,0/0/0/0/,0,0,N
1,12/-1/,1/,0/0/0/0/,0/0/0/0/,0,0,N
4,12/-2/,2/4/,50/150/50/150/,2/0/30/1000/,6.906430,6.888000,resource/tile/Buildings.png
4,12/1/,2/4/,50/150/50/150/,2/0/30/1000/,6.889550,6.888000,resource/tile/Buildings.png
3,12/-6/,3/4/,50/300/50/150/,0/15/2/220/,65.472488,65.447998,resource/tile/Buildings.png
1,12/-4/,1/,0/0/0/0/,0/0/0/0/,0,0,N
1,12/-3/,1/,0/0/0/0/,0/0/0/0/,0,0,N
1,12/29/,1/,0/0/0/0/,0/0/0/0/,0,0,N
1,12/19/,1/,0/0/0/0/,0/0/0/0/,0,0,N
1,12/18/,1/,0/0/0/0/,0/0/0/0/,0,0,N
1,12/-24/,1/,0/0/0/0/,0/0/0/0/,0,0,N
4,12/13/,4/,0/150/50/150/,0/0/1/300/,6.894973,6.888000,resource/tile/Buildings.png
1,-13/-11/,1/,0/0/0/0/,0/0/0/0/,0,0,N
1,-13/-10/,1/,0/0/0/0/,0/0/0/0/,0,0,N
1,-13/-9/,1/,0/0/0/0/,0/0/0/0/,0,0,N
1,-13/-8/,1/,0/0/0/0/,0/0/0/0/,0,0,N
1,-13/-7/,1/,0/0/0/0/,0/0/0/0/,0,0,N
1,-13/-6/,1/,0/0/0/0/,0/0/0/0/,0,0,N
1,-13/-5/,1/,0/0/0/0/,0/0/0/0/,0,0,N
1,-13/-4/,1/,0/0/0/0/,0/0/0/0/,0,0,N
1,-13/-3/,1/,0/0/0/0/,0/0/0/0/,0,0,N
1,-13/-2/,1/,0/0/0/0/,0/0/0/0/,0,0,N
1,-13/-1/,1/,0/0/0/0/,0/0/0/0/,0,0,N
2,-13/0/,2/,50/0/50/150/,10/0/0/150/,13.077416,13.041104,resource/tile/Buildings.png
1,-13/2/,1/,0/0/0/0/,0/0/0/0/,0,0,N
1,-13/3/,1/,0/0/0/0/,0/0/0/0/,0,0,N
1,-13/-14/,1/,0/0/0/0/,0/0/0/0/,0,0,N
1,-13/-20/,1/,0/0/0/0/,0/0/0/0/,0,0,N
2,-14/-7/,2/,50/0/50/150/,10/0/0/150/,13.070396,13.041104,resource/tile/Buildings.png
2,-14/-8/,2/,50/0/50/150/,10/0/0/150/,13.052154,13.041104,resource/tile/Buildings.png
2,-14/-9/,2/,50/0/50/150/,10/0/0/150/,13.076792,13.041104,resource/tile/Buildings.png
3,-14/-5/,3/4/,50/300/50/150/,0/15/2/220/,65.456429,65.447998,resource/tile/Buildings.png
1,-14/3/,1/,0/0/0/0/,0/0/0/0/,0,0,N
1,-14/-10/,1/,0/0/0/0/,0/0/0/0/,0,0,N
1,-14/-14/,1/,0/0/0/0/,0/0/0/0/,0,0,N
1,-14/-20/,1/,0/0/0/0/,0/0/0/0/,0,0,N
1,-14/-6/,1/,0/0/0/0/,0/0/0/0/,0,0,N
2,-14/-1/,2/3/4/,100/0/50/150/,100/20/5/30000/,13.049237,13.041104,resource/tile/Buildings.png
2,-14/-4/,2/3/4/,100/0/50/150/,100/20/5/30000/,13.071412,13.041104,resource/tile/Buildings.png
1,-42/2/,1/,0/0/0/0/,0/0/0/0/,0,0,N
2,-42/1/,2/,0/0/50/150/,1/0/0/30/,3.782338,13.041104,resource/tile/Buildings.png
2,-42/3/,2/,0/0/50/150/,1/0/0/30/,13.067242,13.041104,resource/tile/Buildings.png
4,13/0/,2/4/,50/150/50/150/,2/0/30/1000/,6.889537,6.888000,resource/tile/Buildings.png
1,13/-4/,1/,0/0/0/0/,0/0/0/0/,0,0,N
1,13/-3/,1/,0/0/0/0/,0/0/0/0/,0,0,N
1,13/-24/,1/,0/0/0/0/,0/0/0/0/,0,0,N
4,13/-2/,2/3/4/,100/150/50/150/,1/1/50/10000/,6.899782,6.888000,resource/tile/Buildings.png
4,13/-1/,4/,0/150/50/150/,0/0/1/300/,0.022350,0.000000,resource/tile/Buildings.png
1,-43/2/,1/,0/0/0/0/,0/0/0/0/,0,0,N
2,-43/1/,2/,0/0/50/150/,1/0/0/30/,2.583912,13.041104,resource/tile/Buildings.png
2,-43/3/,2/,0/0/50/150/,1/0/0/30/,10.602971,13.041104,resource/tile/Buildings.png
1,14/-4/,1/,0/0/0/0/,0/0/0/0/,0,0,N
1,14/-5/,1/,0/0/0/0/,0/0/0/0/,0,0,N
1,14/-3/,1/,0/0/0/0/,0/0/0/0/,0,0,N
1,14/-24/,1/,0/0/0/0/,0/0/0/0/,0,0,N
4,14/-23/,2/3/4/,100/150/50/150/,1/1/50/10000/,6.888659,6.888000,resource/tile/Buildings.png
1,-44/2/,1/,0/0/0/0/,0/0/0/0/,0,0,N
2,-44/3/,2/,0/0/50/150/,1/0/0/30/,11.949320,13.041104,resource/tile/Buildings.png
2,-44/1/,2/,0/0/50/150/,1/0/0/30/,1.473725,13.041104,resource/tile/Buildings.png
1,15/-5/,1/,0/0/0/0/,0/0/0/0/,0,0,N
1,15/-3/,1/,0/0/0/0/,0/0/0/0/,0,0,N
1,15/-24/,1/,0/0/0/0/,0/0/0/0/,0,0,N
4,15/-6/,2/3/4/,100/150/50/150/,1/1/50/10000/,6.900936,6.888000,resource/tile/Buildings.png
4,15/-23/,2/3/4/,100/150/50/150/,1/1/50/10000/,6.895211,6.888000,resource/tile/Buildings.png
4,15/-2/,4/,0/150/50/150/,0/0/1/300/,6.895235,6.888000,resource/tile/Buildings.png
1,16/-5/,1/,0/0/0/0/,0/0/0/0/,0,0,N
1,16/-3/,1/,0/0/0/0/,0/0/0/0/,0,0,N
1,16/-24/,1/,0/0/0/0/,0/0/0/0/,0,0,N
4,16/-4/,2/3/4/,100/150/50/150/,1/1/50/10000/,6.900651,6.888000,resource/tile/Buildings.png
4,16/-23/,2/3/4/,100/150/50/150/,1/1/50/10000/,6.898949,6.888000,resource/tile/Buildings.png
4,16/-6/,4/,0/150/50/150/,0/0/1/300/,0.019339,0.000000,resource/tile/Buildings.png
4,16/-2/,4/,0/150/50/150/,0/0/1/300/,6.931627,6.888000,resource/tile/Buildings.png
1,17/-5/,1/,0/0/0/0/,0/0/0/0/,0,0,N
1,17/-3/,1/,0/0/0/0/,0/0/0/0/,0,0,N
1,17/-25/,1/,0/0/0/0/,0/0/0/0/,0,0,N
1,17/-24/,1/,0/0/0/0/,0/0/0/0/,0,0,N
4,17/-13/,2/3/4/,100/150/50/150/,1/1/50/10000/,6.913562,6.888000,resource/tile/Buildings.png
4,17/-22/,2/3/4/,100/150/50/150/,1/1/50/10000/,6.896870,6.888000,resource/tile/Buildings.png
4,17/-23/,2/3/4/,100/150/50/150/,1/1/50/10000/,6.894489,6.888000,resource/tile/Buildings.png
4,17/-8/,4/,0/150/50/150/,0/0/1/300/,0.017501,0.000000,resource/tile/Buildings.png
4,17/-7/,4/,0/150/50/150/,0/0/1/300/,0.023999,0.000000,resource/tile/Buildings.png
4,17/-6/,4/,0/150/50/150/,0/0/1/300/,0.028007,0.000000,resource/tile/Buildings.png
4,17/-4/,4/,0/150/50/150/,0/0/1/300/,0.020844,0.000000,resource/tile/Buildings.png
1,18/-5/,1/,0/0/0/0/,0/0/0/0/,0,0,N
1,18/-6/,1/,0/0/0/0/,0/0/0/0/,0,0,N
1,18/-7/,1/,0/0/0/0/,0/0/0/0/,0,0,N
1,18/-3/,1/,0/0/0/0/,0/0/0/0/,0,0,N
1,18/-4/,1/,0/0/0/0/,0/0/0/0/,0,0,N
1,18/-8/,1/,0/0/0/0/,0/0/0/0/,0,0,N
1,18/-13/,1/,0/0/0/0/,0/0/0/0/,0,0,N
1,18/-14/,1/,0/0/0/0/,0/0/0/0/,0,0,N
1,18/-15/,1/,0/0/0/0/,0/0/0/0/,0,0,N
1,18/-16/,1/,0/0/0/0/,0/0/0/0/,0,0,N
1,18/-17/,1/,0/0/0/0/,0/0/0/0/,0,0,N
1,18/-18/,1/,0/0/0/0/,0/0/0/0/,0,0,N
1,18/-19/,1/,0/0/0/0/,0/0/0/0/,0,0,N
1,18/-20/,1/,0/0/0/0/,0/0/0/0/,0,0,N
1,18/-21/,1/,0/0/0/0/,0/0/0/0/,0,0,N
1,18/-22/,1/,0/0/0/0/,0/0/0/0/,0,0,N
1,18/-23/,1/,0/0/0/0/,0/0/0/0/,0,0,N
1,18/-24/,1/,0/0/0/0/,0/0/0/0/,0,0,N
1,18/-25/,1/,0/0/0/0/,0/0/0/0/,0,0,N
1,18/-26/,1/,0/0/0/0/,0/0/0/0/,0,0,N
1,18/-27/,1/,0/0/0/0/,0/0/0/0/,0,0,N
1,18/-28/,1/,0/0/0/0/,0/0/0/0/,0,0,N
1,18/-29/,1/,0/0/0/0/,0/0/0/0/,0,0,N
1,18/-30/,1/,0/0/0/0/,0/0/0/0/,0,0,N
1,18/-31/,1/,0/0/0/0/,0/0/0/0/,0,0,N
1,18/-32/,1/,0/0/0/0/,0/0/0/0/,0,0,N
1,18/-33/,1/,0/0/0/0/,0/0/0/0/,0,0,N
4,18/-10/,4/,0/150/50/150/,0/0/1/300/,0.017407,0.000000,resource/tile/Buildings.png
4,18/-9/,4/,0/150/50/150/,0/0/1/300/,0.020898,0.000000,resource/tile/Buildings.png
1,-15/3/,1/,0/0/0/0/,0/0/0/0/,0,0,N
1,-15/-10/,1/,0/0/0/0/,0/0/0/0/,0,0,N
1,-15/-11/,1/,0/0/0/0/,0/0/0/0/,0,0,N
1,-15/-12/,1/,0/0/0/0/,0/0/0/0/,0,0,N
1,-15/-13/,1/,0/0/0/0/,0/0/0/0/,0,0,N
1,-15/-20/,1/,0/0/0/0/,0/0/0/0/,0,0,N
1,-15/-7/,1/,0/0/0/0/,0/0/0/0/,0,0,N
1,-16/3/,1/,0/0/0/0/,0/0/0/0/,0,0,N
1,-16/-20/,1/,0/0/0/0/,0/0/0/0/,0,0,N
1,-16/-7/,1/,0/0/0/0/,0/0/0/0/,0,0,N
1,-17/3/,1/,0/0/0/0/,0/0/0/0/,0,0,N
1,-17/-20/,1/,0/0/0/0/,0/0/0/0/,0,0,N
1,-17/-7/,1/,0/0/0/0/,0/0/0/0/,0,0,N
1,-19/3/,1/,0/0/0/0/,0/0/0/0/,0,0,N
1,-19/-20/,1/,0/0/0/0/,0/0/0/0/,0,0,N
1,-19/-7/,1/,0/0/0/0/,0/0/0/0/,0,0,N
1,-18/3/,1/,0/0/0/0/,0/0/0/0/,0,0,N
1,-18/-20/,1/,0/0/0/0/,0/0/0/0/,0,0,N
1,-18/-7/,1/,0/0/0/0/,0/0/0/0/,0,0,N
2,-18/4/,2/3/4/,100/0/50/150/,100/20/5/30000/,10.744711,13.041104,resource/tile/Buildings.png
1,-20/3/,1/,0/0/0/0/,0/0/0/0/,0,0,N
1,-20/-20/,1/,0/0/0/0/,0/0/0/0/,0,0,N
1,-20/-21/,1/,0/0/0/0/,0/0/0/0/,0,0,N
1,-20/-7/,1/,0/0/0/0/,0/0/0/0/,0,0,N
1,-21/-8/,1/,0/0/0/0/,0/0/0/0/,0,0,N
1,-21/3/,1/,0/0/0/0/,0/0/0/0/,0,0,N
1,-21/4/,1/,0/0/0/0/,0/0/0/0/,0,0,N
1,-21/-21/,1/,0/0/0/0/,0/0/0/0/,0,0,N
1,-21/-7/,1/,0/0/0/0/,0/0/0/0/,0,0,N
4,-21/5/,2/3/4/,100/150/50/150/,1/1/50/10000/,5.309206,6.888000,resource/tile/Buildings.png
1,-22/3/,1/,0/0/0/0/,0/0/0/0/,0,0,N
1,-22/4/,1/,0/0/0/0/,0/0/0/0/,0,0,N
1,-22/5/,1/,0/0/0/0/,0/0/0/0/,0,0,N
1,-22/-21/,1/,0/0/0/0/,0/0/0/0/,0,0,N
1,-22/-8/,1/,0/0/0/0/,0/0/0/0/,0,0,N
1,-23/3/,1/,0/0/0/0/,0/0/0/0/,0,0,N
1,-23/-21/,1/,0/0/0/0/,0/0/0/0/,0,0,N
1,-23/-8/,1/,0/0/0/0/,0/0/0/0/,0,0,N
1,-24/3/,1/,0/0/0/0/,0/0/0/0/,0,0,N
1,-24/-21/,1/,0/0/0/0/,0/0/0/0/,0,0,N
1,-24/-22/,1/,0/0/0/0/,0/0/0/0/,0,0,N
1,-24/-8/,1/,0/0/0/0/,0/0/0/0/,0,0,N
1,-25/3/,1/,0/0/0/0/,0/0/0/0/,0,0,N
1,-25/-21/,1/,0/0/0/0/,0/0/0/0/,0,0,N
1,-25/-8/,1/,0/0/0/0/,0/0/0/0/,0,0,N
4,-25/2/,2/4/,50/150/50/150/,2/0/30/1000/,3.951406,6.888000,resource/tile/Buildings.png
1,-26/3/,1/,0/0/0/0/,0/0/0/0/,0,0,N
1,-26/-21/,1/,0/0/0/0/,0/0/0/0/,0,0,N
1,-26/-20/,1/,0/0/0/0/,0/0/0/0/,0,0,N
1,-26/-19/,1/,0/0/0/0/,0/0/0/0/,0,0,N
1,-26/-18/,1/,0/0/0/0/,0/0/0/0/,0,0,N
1,-26/-17/,1/,0/0/0/0/,0/0/0/0/,0,0,N
1,-26/-16/,1/,0/0/0/0/,0/0/0/0/,0,0,N
1,-26/-15/,1/,0/0/0/0/,0/0/0/0/,0,0,N
1,-26/-14/,1/,0/0/0/0/,0/0/0/0/,0,0,N
1,-26/-13/,1/,0/0/0/0/,0/0/0/0/,0,0,N
1,-26/-12/,1/,0/0/0/0/,0/0/0/0/,0,0,N
1,-26/-11/,1/,0/0/0/0/,0/0/0/0/,0,0,N
1,-26/-10/,1/,0/0/0/0/,0/0/0/0/,0,0,N
1,-26/-9/,1/,0/0/0/0/,0/0/0/0/,0,0,N
1,-26/-8/,1/,0/0/0/0/,0/0/0/0/,0,0,N
1,-26/-7/,1/,0/0/0/0/,0/0/0/0/,0,0,N
1,-26/-6/,1/,0/0/0/0/,0/0/0/0/,0,0,N
1,-26/-5/,1/,0/0/0/0/,0/0/0/0/,0,0,N
1,-26/-4/,1/,0/0/0/0/,0/0/0/0/,0,0,N
1,-26/-3/,1/,0/0/0/0/,0/0/0/0/,0,0,N
1,-26/-2/,1/,0/0/0/0/,0/0/0/0/,0,0,N
1,-26/-1/,1/,0/0/0/0/,0/0/0/0/,0,0,N
1,-26/0/,1/,0/0/0/0/,0/0/0/0/,0,0,N
1,-26/1/,1/,0/0/0/0/,0/0/0/0/,0,0,N
1,-26/2/,1/,0/0/0/0/,0/0/0/0/,0,0,N
1,-26/4/,1/,0/0/0/0/,0/0/0/0/,0,0,N
1,-26/5/,1/,0/0/0/0/,0/0/0/0/,0,0,N
1,-26/6/,1/,0/0/0/0/,0/0/0/0/,0,0,N
1,-26/7/,1/,0/0/0/0/,0/0/0/0/,0,0,N
1,-26/8/,1/,0/0/0/0/,0/0/0/0/,0,0,N
1,-26/9/,1/,0/0/0/0/,0/0/0/0/,0,0,N
1,-26/10/,1/,0/0/0/0/,0/0/0/0/,0,0,N
1,-26/11/,1/,0/0/0/0/,0/0/0/0/,0,0,N
1,-26/12/,1/,0/0/0/0/,0/0/0/0/,0,0,N
1,-26/13/,1/,0/0/0/0/,0/0/0/0/,0,0,N
1,-26/14/,1/,0/0/0/0/,0/0/0/0/,0,0,N
1,-27/3/,1/,0/0/0/0/,0/0/0/0/,0,0,N
1,-27/-9/,1/,0/0/0/0/,0/0/0/0/,0,0,N
2,-27/5/,2/,50/0/50/150/,10/0/0/150/,13.046501,13.041104,resource/tile/Buildings.png
2,-27/6/,2/,50/0/50/150/,10/0/0/150/,13.049658,13.041104,resource/tile/Buildings.png
2,-27/7/,2/,50/0/50/150/,10/0/0/150/,13.055119,13.041104,resource/tile/Buildings.png
2,-27/8/,2/,50/0/50/150/,10/0/0/150/,13.082532,13.041104,resource/tile/Buildings.png
2,-27/9/,2/,50/0/50/150/,10/0/0/150/,13.081540,13.041104,resource/tile/Buildings.png
2,-27/10/,2/,50/0/50/150/,10/0/0/150/,13.041433,13.041104,resource/tile/Buildings.png
2,-27/11/,2/,50/0/50/150/,10/0/0/150/,13.080555,13.041104,resource/tile/Buildings.png
2,-27/12/,2/,50/0/50/150/,10/0/0/150/,13.058263,13.041104,resource/tile/Buildings.png
2,-27/13/,2/,50/0/50/150/,10/0/0/150/,13.097708,13.041104,resource/tile/Buildings.png
3,-27/1/,3/4/,50/300/50/150/,0/15/2/220/,36.632771,65.447998,resource/tile/Buildings.png
1,-28/3/,1/,0/0/0/0/,0/0/0/0/,0,0,N
1,-28/-9/,1/,0/0/0/0/,0/0/0/0/,0,0,N
3,-28/2/,3/4/,50/300/50/150/,0/15/2/220/,65.470039,65.447998,resource/tile/Buildings.png
1,-29/3/,1/,0/0/0/0/,0/0/0/0/,0,0,N
1,-29/-9/,1/,0/0/0/0/,0/0/0/0/,0,0,N
3,-29/2/,3/4/,50/300/50/150/,0/15/2/220/,65.493080,65.447998,resource/tile/Buildings.png
1,-30/3/,1/,0/0/0/0/,0/0/0/0/,0,0,N
1,-30/-9/,1/,0/0/0/0/,0/0/0/0/,0,0,N
3,-30/2/,3/4/,50/300/50/150/,0/15/2/220/,65.457794,65.447998,resource/tile/Buildings.png
1,-31/3/,1/,0/0/0/0/,0/0/0/0/,0,0,N
3,-31/2/,3/4/,50/300/50/150/,0/15/2/220/,65.450119,65.447998,resource/tile/Buildings.png
1,-32/3/,1/,0/0/0/0/,0/0/0/0/,0,0,N
3,-32/2/,3/4/,50/300/50/150/,0/15/2/220/,65.470039,65.447998,resource/tile/Buildings.png
1,-37/3/,1/,0/0/0/0/,0/0/0/0/,0,0,N
4,-37/2/,4/,0/150/50/150/,0/0/1/300/,6.945319,6.888000,resource/tile/Buildings.png
1,-38/3/,1/,0/0/0/0/,0/0/0/0/,0,0,N
4,-38/2/,4/,0/150/50/150/,0/0/1/300/,6.928801,6.888000,resource/tile/Buildings.png
1,-39/3/,1/,0/0/0/0/,0/0/0/0/,0,0,N
1,-39/2/,1/,0/0/0/0/,0/0/0/0/,0,0,N
2,-39/1/,2/,0/0/50/150/,1/0/0/30/,13.098886,13.041104,resource/tile/Buildings.png
1,-40/2/,1/,0/0/0/0/,0/0/0/0/,0,0,N
2,-40/1/,2/,0/0/50/150/,1/0/0/30/,5.796720,13.041104,resource/tile/Buildings.png
2,-40/3/,2/,0/0/50/150/,1/0/0/30/,13.057383,13.041104,resource/tile/Buildings.png
1,-46/2/,1/,0/0/0/0/,0/0/0/0/,0,0,N
2,-46/1/,2/,0/0/50/150/,1/0/0/30/,5.856552,13.041104,resource/tile/Buildings.png
2,-46/3/,2/,0/0/50/150/,1/0/0/30/,6.818058,13.041104,resource/tile/Buildings.png
1,-47/2/,1/,0/0/0/0/,0/0/0/0/,0,0,N
2,-47/1/,2/,0/0/50/150/,1/0/0/30/,7.394171,13.041104,resource/tile/Buildings.png
2,-47/3/,2/,0/0/50/150/,1/0/0/30/,13.047322,13.041104,resource/tile/Buildings.png
1,-48/2/,1/,0/0/0/0/,0/0/0/0/,0,0,N
2,-48/1/,2/,0/0/50/150/,1/0/0/30/,5.399573,13.041104,resource/tile/Buildings.png
2,-48/3/,2/,0/0/50/150/,1/0/0/30/,3.432802,13.041104,resource/tile/Buildings.png
1,-49/2/,1/,0/0/0/0/,0/0/0/0/,0,0,N
2,-49/3/,2/,0/0/50/150/,1/0/0/30/,12.568116,13.041104,resource/tile/Buildings.png
1,19/-5/,1/,0/0/0/0/,0/0/0/0/,0,0,N
1,19/-6/,1/,0/0/0/0/,0/0/0/0/,0,0,N
1,19/-8/,1/,0/0/0/0/,0/0/0/0/,0,0,N
1,19/-9/,1/,0/0/0/0/,0/0/0/0/,0,0,N
1,19/-10/,1/,0/0/0/0/,0/0/0/0/,0,0,N
1,19/-11/,1/,0/0/0/0/,0/0/0/0/,0,0,N
1,19/-12/,1/,0/0/0/0/,0/0/0/0/,0,0,N
1,19/-13/,1/,0/0/0/0/,0/0/0/0/,0,0,N
4,19/-21/,2/3/4/,100/150/50/150/,1/1/50/10000/,6.893740,6.888000,resource/tile/Buildings.png
4,19/-7/,4/,0/150/50/150/,0/0/1/300/,0.017433,0.000000,resource/tile/Buildings.png
1,20/-11/,1/,0/0/0/0/,0/0/0/0/,0,0,N
1,20/-10/,1/,0/0/0/0/,0/0/0/0/,0,0,N
1,20/-12/,1/,0/0/0/0/,0/0/0/0/,0,0,N
1,21/-10/,1/,0/0/0/0/,0/0/0/0/,0,0,N
1,21/-9/,1/,0/0/0/0/,0/0/0/0/,0,0,N
1,22/-9/,1/,0/0/0/0/,0/0/0/0/,0,0,N
1,23/-9/,1/,0/0/0/0/,0/0/0/0/,0,0,N
1,24/-9/,1/,0/0/0/0/,0/0/0/0/,0,0,N
1,25/-9/,1/,0/0/0/0/,0/0/0/0/,0,0,N
1,26/-9/,1/,0/0/0/0/,0/0/0/0/,0,0,N
